{"cameraMode":{"drawMode":0,"name":"Shaded","section":"Shading Mode"},"sceneLighting":true,"audioPlay":false,"sceneViewState":{"showFog":true,"showMaterialUpdate":false,"showSkybox":true,"showFlares":true,"showImageEffects":true,"showParticleSystems":true},"in2DMode":false,"pivot":{"x":-2.4015417098999025,"y":4.248100280761719,"z":3.90333890914917},"rotation":{"x":-0.28526219725608828,"y":-0.39066004753112795,"z":0.12873013317584992,"w":-0.8657071590423584},"size":5.505371570587158,"orthographic":true}