{"cameraMode":{"drawMode":0,"name":"Shaded","section":"Shading Mode"},"sceneLighting":true,"audioPlay":false,"sceneViewState":{"showFog":true,"showMaterialUpdate":false,"showSkybox":true,"showFlares":true,"showImageEffects":true,"showParticleSystems":true},"in2DMode":false,"pivot":{"x":339.7326965332031,"y":210.32907104492188,"z":-23.195953369140626},"rotation":{"x":-0.14083850383758546,"y":0.0050462642684578899,"z":-0.0007180399843491614,"w":-0.9900228977203369},"size":136.2461395263672,"orthographic":true}