{"cameraMode":{"drawMode":0,"name":"Shaded","section":"Shading Mode"},"sceneLighting":true,"audioPlay":false,"sceneViewState":{"showFog":true,"showMaterialUpdate":false,"showSkybox":true,"showFlares":true,"showImageEffects":true,"showParticleSystems":true},"in2DMode":false,"pivot":{"x":553.8345947265625,"y":303.26312255859377,"z":12.888687133789063},"rotation":{"x":-0.1426956057548523,"y":-0.23167121410369874,"z":0.0343761071562767,"w":-0.9616604447364807},"size":199.9546661376953,"orthographic":true}